filename,label
0NZTS94B,2
CM6WFMO5,1
MPAVNNFR,1
N07YPLGF,1
UT7X0FXK,2
HXR72FT6,1
PQR8SQFQ,1
9A3USGGX,2
DN60GNW1,2
2IUK7R3J,2
F7PKJQ8C,1
VUOV5YQI,1
XAHCYE90,2
R0LQMZYI,1
JIBYDG65,2
6CI9N3SD,2
1GF3IKH0,2
KV82CMQI,2
BRHKHRO0,1
DYS9V3IY,1
I4RML5EU,2
9JP95FL2,1
Q6D7QRR7,2
F3EN4GBB,1
HT08RQPM,1
2T9SJ5M1,2
QZ8I1548,1
XGPIOQ4P,1
YAD0GZQA,2
R0FZXVJE,2
H2J2LGS2,2
PH9DXC0P,1
D2MG9TSZ,2
OTHY3A85,2
AH0NT7GJ,2
JII4SQN2,2
WW2VRZ6N,2
Y9EUGSXW,2
ND0V8KWK,1
E6OE94IO,2
81A3NHUB,2
0MT9E3ZD,2
4YUV5C5L,2
L4D7751P,2
38OHQ6N1,1
Z2EYU833,1
S0QLZMEJ,1
TW3SGVTE,2
BO0F9NZC,2
VGYBUUUO,1
FWESB6YJ,2
EASD1MV2,2
RRBC81AI,1
BC10F2MN,1
ZR8MAAUE,1
EJHBDV3V,2
U2XT9IK1,2
BTCI0AQS,2
N8EZM1RD,2
CJY01EMB,1
9QJJ8T1H,2
W26TUF3S,1
3CVY0Y27,2
6242LMJD,2
3CIYSPYM,2
B4YPH2WX,2
WXPP534L,2
KUUNDKKY,1
GYQBSAVK,1
L9SLKUHW,2
SHPJW2CD,1
MTVAYAA9,1
PPFFDKNF,1
QINYL2IK,1
XQCEU1H5,1
GNDKSIEM,2
RMNI37AW,1
9LB0IO5B,1
R0101FNU,1
2XHVINLI,2
1TX627FK,2
TA4BHEWP,2
4AINEX5Q,1
RE31VKEQ,2
6OWLGKUL,2
XPPOINYZ,2
1E2IEA59,2
6Y0HEFPB,2
XAGJ5PWP,2
F7UAPL18,2
NC7O8R81,2
K3DUHARQ,1
ATG9G9Z6,1
4H4TZ20T,2
2UM2WVOK,2
VALUIH3U,1
AYWHXS19,2
4660V2K6,2
FEKMYX3S,2
MHB1MLNR,1
8NTVWG4T,1
4ZT1QK65,2
J14FFO11,1
PMNNM5AA,1
BEC2AC3X,1
6Q8UP6FK,2
TLA6JXBP,2
V1DY3EDG,2
4HWDFJDJ,1
1J6UYSHL,1
91WWXY0K,2
EBFVZZD4,1
8S9JOJK0,2
EYX8ERBO,1
0QD4ZGZ7,2
6M2DIBIX,1
7UNXHP80,2
U5URZAE8,2
SRVRNIEX,2
6PWXPBUG,2
NLR1QW4N,1
ZB0O7B5G,2
SXI7CJ1Z,2
VPNKC5VZ,2
7SHC8DHY,1
GBB1UG17,2
ZK30IFK9,2
NYAZT5AG,1
4GF4OKQY,1
O5SOZ6IC,1
0HXEAF9L,1
AQ7SXBU2,2
19Q586RC,1
NLJMGBYP,2
T3IZTEBX,2
GH5P49NA,2
AIJ1PRFP,2
55T1L7OD,2
38D9ZRM5,1
RT5C4OWD,2
62K0SE55,1
2NUGSLGU,2
UPC4Q31S,1
396IEJUQ,1
8GTDFVOO,1
NZW6M3JB,2
K3YBTICT,2
PD9UA2RZ,2
XZ2FYFW5,2
EH2MXGM9,2
A19H68GK,2
L01SCV0S,1
02XUVISG,1
N5GO9DNK,2
YR0I6XVS,1
7BO4HWRE,2
RZS1CXOC,2
N1U6QDNB,1
JWI0JS7G,1
UV3X2E4B,1
GEZ51B57,2
WBL27577,2
RYLSCI1B,2
53WVDVO7,2
N7MU41JZ,2
QWFF1HVC,2
KVYE9VXG,2
7PQBHE6J,2
56CQTF2C,2
0X84VBXN,2
BBUM0DWK,2
GVVS7DOB,2
G0LC7J93,1
NG6QRJNL,1
C82NFIRI,1
ML1RACQN,2
LVXG39NA,2
2HWO28DH,2
3OROH33B,2
ZOMZHKQT,1
4XIKWOO6,2
SNOHBXMD,1
QWG28M61,2
SGMFYYCG,2
9LAJXQID,2
MY5DGFTY,2
0OVMT61U,1
U021RVZC,1
OT1P03VS,1
MFVGJK1T,2
6WT3SB4H,2
PZ7R93E2,2
UQKEAB4V,1
W07ZU7TL,2
3ELCWQBH,1
5JIUW787,2
JOLSAS9D,2
RILDTOIT,2
IXM9D75R,2
EN9BHT6Z,1
A476SHW3,1
76PZHM1D,2
R58CZ13V,2
OL3TCA46,2
E7EFSVV0,1
N1Y6IPJ6,2
MRI0UIMH,1
JWLHRW5C,2
BCQKC3BO,2
9OCE2W8C,1
CGHJKJBU,2
WQQB8AXD,1
SJJYVJ37,2
JP9YDTTG,2
ENUU8B8W,2
OV1ONVH3,2
FZR1PT2M,2
V3K0MVHR,2
R0EC8JVB,1
Z8HPXTOA,1
YHKDVYMU,2
EEVOWET6,2
MPCISLOQ,1
2HOBPFY8,1
APHX5G54,1
SYOZZI1A,1
A8DUSXXR,2
3VM593N7,1
KCN2GQVH,2
3P4WJ4P1,1
J19U45EW,1
VPYHQZAJ,1
YLO8G5N0,2
FDDOBQ0V,2
L7RANCOX,2
IKJ8NSC3,1
65A3VHVH,2
1WM2QZBJ,2
NAK868PK,1
THTTZK8C,2
DIJZDEAQ,1
F4MDGF8K,1
DGFNBTOO,2
E8QVHAPP,2
75EB0QZE,2
PEBUISPU,1
W7Q7OJV0,1
0BG8ASOX,2
NIAEYYJA,1
6NBB42NO,2
Q9LAAOI1,2
A3H8J7X8,2
PY8R9665,1
L418CL2Q,2
KDLK01N2,2
L4E647N4,2
3OQMGWMO,1
BPOOYC73,2
AVOKC1R4,1
YJKOUHZA,2
JZJVE1YW,2
IOMP3MW2,1
C120RDZI,2
JO6PO6ZI,2
V1LZM7V9,2
IA5TWOYI,2
OJ1TGGWH,1
WW5LSGDK,1
EULJQH7P,1
BMMJVH2P,1
4VM1EHNN,1
F3VQFSBB,2
89VSJK6J,2
3ITE8AXE,1
VUCQS9UH,2
FJH50849,1
LF1S7CQB,1
3IFMYXPK,1
H9A2HY48,2
7TYHCL75,1
53GV2FY2,1
09B654QX,1
HIX184DR,2
ADU06J5U,2
GPK0U8QR,2
Y6HC0IIV,1
J9O5UQRO,1
B937J288,2
1LCVPS9K,2
QIDHN8Q0,1
3ULHF0HX,2
T4N5VIIP,1
EO9TXIQ3,1
N2S3JHQR,2
GKIRV35W,2
JYY5HCEC,1
W84V5KW3,1
WAMSOBMF,2
8PEAKOCI,2
QRDRHTE7,1
YIETV4V9,2
V611UDS4,1
9HY1GW6X,2
3L16ASCT,1
EQ3NMTKA,2
V08KG79P,2
S16V5U0I,1
LW3MBREF,1
6QFD40ER,1
Y9CLRGTP,2
T0HWK6NI,1
RWGSZ0SX,1
Q7ZIIY5R,2
L8AEFPW9,1
NSJSV19K,1
ZFS4KQ43,2
V48FKOZX,2
6WH2MEKA,1
9IMXYQDT,1
C7HKK8BY,1
VINEEOKD,2
SHH11LHQ,2
9EDPWTPK,1
6H502CC3,2
TYB7N095,1
IIELQN25,1
YI6FDNFX,2
Y8MQE4LU,2
V9EUTNHA,2
GJI6MCPZ,2
YKHDZ1TX,1
34M78A2I,2
EOVQLWKC,2
ZI1CO4D0,2
TT7B7RP0,2
BFMJFDPW,1
XMB0NWKE,2
CXJXVXWY,2
XUHNKCSK,1
PNR45HSI,1
YP9UZXE3,1
SFMVY9Z1,1
YMQTJAKM,2
KXVEFY8Z,1
CDD9CHG2,2
YA8PD8BK,2
KFY3PIES,2
7LYGKF0H,1
19HS6AZC,2
B6ECULRE,2
H2D3S0CW,2
YJW59B2D,2
SIBTYM8B,1
JBR5IBJ9,1
ZQZ8922F,1
0XCEW0TW,1
4EZBAUM9,1
FM23HRGR,1
NCOQMZV2,1
1RNO8R4Y,2
G0ECZWSJ,1
1O38ZFW1,1
4ZQCYB4H,1
49IKBNY4,1
ZO2ECNOF,2
4IXU151A,2
BG4LRE5L,2
F4POHT2R,2
PMO91BEZ,2
67PNUQIA,1
MB2BMZOI,2
BQUDR3M5,2
EYHTOYDG,2
TGDOSZ6N,1
RPW7OD1M,1
ZZNN1VJP,1
8IZILBUR,1
G3HE8HHR,1
A2PHUS6H,2
MXFL65VA,2
8GDN0O0X,1
5MC790DU,1
4NKYFJFY,1
HFC18NFZ,2
NVQAZYA7,2
K3O62C87,2
CHH30T5W,2
GVTLPFQ5,1
NM5DY0K5,1
WX2XZATX,2
PL87C7UN,2
ZZVU56J9,2
D95MB9PT,2
RTHC76HH,1
C7916OJ2,1
Q5ZZMTVK,2
US4BCNTC,1
J7UA0CMR,1
5DY34WMS,2
H304111L,1
0PRD6496,1
6V4KE87X,2
2GK3USXE,2
TFL2BNP4,2
BKZO2WJ9,2
ZJ5VMI5V,1
WZMO38JB,1
NQ94YTAQ,1
BQLPCDTF,2
VTOZF5W7,1
9GPXJ1PQ,1
PZ0JPWL8,2
PLZHIWQ8,1
6FIXVBQY,2
HOZVE1HB,2
T7VWV15M,1
N7XY9RXL,2
SP8LJ5AI,2
ENMTIG4V,1
XVPA4XXH,1
SB2K3U0O,2
HPOEXYH1,1
33UWUR5C,1
ZLUV1WT5,2
QBGE5BWK,1
41IFI38X,2
7AGH63DM,2
VTVVLV07,2
6TJ5BOTV,2
G1W6B43G,2
MEMQXFRM,1
RUMUZIG9,1
BDW5VSDD,2
VVBXFQ90,2
J7I3C0AD,2
OZ32X1ZM,2
V8JLK24P,1
FTHKDPMD,1
1S5GL807,2
DBWJQ6YW,1
SGJ0V98L,1
YP20FFM4,1
5TM18ELM,2
FA753HQZ,2
LR1TMGJ5,1
QSM70VMD,1
EBTJSORZ,2
6D6MMU3N,1
4VYCPPTP,1
7BLSA1ZN,2
W6HOIV84,1
OVDV8ZP2,1
2ZIM6R1G,1
VV45SJ5V,2
XDWHB60D,2
45KOGL4P,1
MKAMEMBP,1
7MRMBOG3,1
8N1FBYTQ,2
T89X3479,2
ZJ4YQ5UX,1
5VLD4V5R,2
706O91FA,1
OK727695,2
ZTX4OK68,2
1PWE5UOZ,2
8ZSBN7L6,1
0921JTVR,2
I2OWDQNC,1
EPB0YITF,2
3XQ9A5YT,2
OF3STX6Q,1
W78A7OLW,2
5EHDFDTH,1
LVSUTWZJ,2
PW66NWUP,2
LS0Q8K3T,2
WBQRET8J,1
P42IAEJG,2
FWCXDFVB,1
9REEMDHV,1
NETNDMYV,1
EBAIB74C,2
1KWGY2WJ,2
JQH5HGDT,1
IZ14YZ4G,1
R78K7OUC,1
B47SDM58,2
8ZRVH5OH,1
74ZSGQDK,2
WWGA1COG,2
0FTR3H2M,1
HQG9FN8V,1
2F8R6L7V,1
EOVBL8XN,2
MBYJQEKW,2
MRNPS657,1
Y88KZ0TJ,1
F4R6AICY,1
JDLNZF11,2
V1OF47RQ,1
E8KAF1UV,2
AT83NF7H,2
5H1ZUCE9,1
AWLQTC51,2
L9YEWPAF,1
46VA0KEN,2
9HJ09KTU,1
BVRPDYRV,2
0SYN58YB,1
AU5DK00B,1
4SQDYKJL,1
N0AGTNV8,1
EVZ6LJAB,2
ZRAUXNBF,2
DYDHYF8X,2
E75RD1BW,2
LBDCLSZ0,1
NO3T5SI5,1
DWWAMZ37,1
8RQSRWYQ,2
NN0YWKLH,2
JKR898BS,1
VP8QY75W,1
M89NWBWO,2
45RLMUNK,2
MI9271QS,1
HYIN7RNJ,1
4QVG5RNV,1
OJ5X2UXP,2
W9171IHF,2
J8CQE6GF,1
Y3HGVWL9,2
0ADRKX2Q,2
0JXJGJZY,2
IGWTG6HJ,1
U1HMRKW2,2
PSNZLY44,2
N4BUNRT0,2
7BZB952U,2
LJXY2SA1,1
4XAMYC4Q,2
OMLJ7WKN,1
LHXMCT2E,1
99QCSHHK,2
K8IZ2GO9,2
QI1NIX4V,1
NMJMS96U,1
YV6Q3211,1
7HJC7GEC,1
694LU0P7,2
WQ7B250F,1
19ME64Q2,2
3FM2780Y,1
0V32RPGK,1
DKMKOSQR,1
N41AT964,2
GC2P7DAI,2
8YC40JNP,2
RJPES1AW,2
LVF4IL3R,1
KEUHS5GS,2
5R1AHN0B,1
R48WVTJS,1
FGZCZT70,2
YHWX45ML,2
4YPQAZG0,1
4EV6IAU2,1
PZ0NDUGM,1
G0D4GZ99,2
ABFHF6IS,1
PCMT5JJ2,1
EXHZGSA8,2
ZARSYE33,1
L6A9OCWX,1
50ZKLA0P,2
47IVBLNP,2
5R863J97,2
FSUYJVWV,1
RTIA94BF,1
CKQCBH28,2
IXXSD2MM,2
T5EA6JXW,2
Q96M5242,1
T0UEVXZA,2
4AGAZKE3,2
ILB1J69I,1
K3FMFQH5,2
3HZI0I41,1
P5SA7XZM,1
PU61CSCN,2
6O3SL8V9,2
DKNTZ7FT,2
1ZTJ3T27,1
ISWNCRH8,2
R3NA9ZHC,2
HB8LFYS9,1
0YZAVSXO,1
INNWBJ18,1
QCVB9IAN,2
2XIIN25R,2
C0RVYOKJ,1
UN1PHYD0,2
I8LZBBN4,2
NW073ZIK,1
YN2KAEGK,2
YWCWPB0Q,1
MPC6KJBB,2
D7IHN4QE,1
7QQLMZZ2,1
I968UYPG,1
9SO2QAX7,2
3L2LNWAW,2
Z0YUHOJX,2
3XJL3JSH,2
AMEX36DH,2
LYWM29QC,1
HHM7815J,2
1IB7U1NC,2
SQ3TYI1J,2
ETWR1EHV,1
OSKEK5XQ,1
8O9UDND2,2
2RXT8UQR,1
49BE20D1,2
FRKR68ZL,2
7H1LQ25Q,2
VC660MJI,2
0QM8GZZR,2
T3ZIF8OD,1
Q3VGSXRH,1
195T4RYJ,2
T0TLXVN0,2
LG4BTT5Z,2
P6NZPQD1,2
50YK4E6N,1
D6PUYCNC,1
HF6YPIXV,2
8V4IS2D8,2
65QRBSBQ,2
3ZRGZD0U,2
V7GV340D,2
T86LN31O,2
21YXO4SY,2
0CRF1O21,2
HR5VHBYX,2
EG7AMDEV,2
1K8NE7IJ,1
HGNPPQJL,1
CUC0RFSH,2
IR0HX636,2
NVIPFKYK,2
8CJ5M5DH,1
RN0VOQHM,2
HFOFJP1J,1
V25HKQX2,2
BUS25ESI,1
6HJATLZ0,2
4VF6R8XO,2
L2BTENGH,2
YBBA15VO,2
013WGP9A,1
KLHN3GDE,1
QA3FJR5F,1
04EKLNVB,2
ABKIGB8U,1
4USBLLN1,2
D4QWPL1R,1
FJWOMISD,2
5WTJB1YE,1
X24ZB8NS,2
TN2JX04T,1
5IU2CAV8,2
HQ35YEBX,1
BDHB27YS,2
NWQ28F9D,2
4JKBJEY4,1
LBO24EGQ,1
9BNEU8TT,2
AJ35XWJU,1
WSR9JCDZ,1
JX2HKTWM,2
JYBFIJRQ,1
025HR34O,2
RX8EDVD4,1
W4S5LV98,1
0UP22SSB,1
U5E9HCT5,1
SWFXLAHC,1
UIC13F8W,1
EMRMI7WH,2
IP2C4HIU,1
9D6KKXWB,1
YOLT8CNE,1
42A2XAU1,2
JD3TXBNM,2
7VL99TS9,1
9ZW6QOYJ,2
T7FCIWJF,1
T7O5AQ6Y,2
H16S9L1R,2
SU9AXKQ5,1
EJBR1J92,2
9SZZ88YZ,2
0FKS5V1V,2
9NVIUIY1,2
YWC2IRM5,2
GQNWE5V4,2
YENJHISR,2
SSSUQY25,2
FUSJYF0G,1
07GHRJHY,2
OTB00PWX,1
L6MP6BQ4,1
XKFTMMZE,2
9MJSPAI3,2
ZM5JX5MM,2
BESRI9RY,2
M6V4PKGC,1
UTPBRAXR,1
OHZ6KJ35,1
XC191B5T,1
HJFTZM50,1
MJB6M1JO,2
MPVIQ94I,1
T6J8IKJT,1
0FHOEJAF,2
SMOY8B0S,2
3R9FNTFP,2
MTR8V055,2
YL9SAK0V,1
2DF0MMZE,2
7PRX7JCM,2
KRQ0AY2A,2
6HBYV0NS,1
IZFAEJSA,1
86N7LG7D,2
IWI0POY3,2
KQWBNHK6,2
TEE2BI72,2
EPWGL2TP,1
53LCRJ0O,1
SDXL8OHN,1
QS72XQRX,1
I0LRMCXI,1
GKOVUB58,2
K0L3V1VP,1
9FYV3XIS,2
GHF29KY9,2
WJA8EFVU,1
6LMX5VEK,1
C6VUI61Y,1
3L8TR3FF,2
146CAFW3,1
8WE1CQ5P,2
PBD58UHB,1
4KZF3DE8,2
SV7DS3GV,1
KF9AT9XH,2
Q5L8O1X7,1
T8VFYTOA,1
CDFQLKTO,2
R3WU0OU3,2
ZQEGP670,2
CIQNALBF,2
S0PC1BU7,2
FBLMOEQG,2
FIPGYJQ5,1
UOB9G686,1
WWAYUXGF,2
XI8RACJH,1
ZEPDB2FS,2
W0VP70VY,1
YLNHDCCL,2
AJNLX7ID,2
MF15LC9Y,2
RF3P69B3,2
739VQ287,1
UIDYFHN9,2
BNEKZTCO,2
YJHOB3I1,2
32BHOXR0,2
N7AX0SI3,1
6MVT5S9N,1
6WLT830V,2
AQSSX0J4,2
BKZZP0J4,2
MEXM07UZ,2
7TNT2271,1
7JZWWEJB,2
2DFI1UR6,2
K89ZH4PD,2
8XO18JLS,2
K9DI5AC1,2
A5IIQ39B,2
PAVW3WDL,2
A67CEEJ5,1
NQNJ33RA,1
XD43MXTB,2
BU9XBHAC,2
QDL3OILK,1
NM87QACT,1
29000EVK,2
9ROJ43D9,2
NTT9U7MN,2
XFE521JV,1
80DBOGKL,2
CXS3RI7Z,2
NHN5MGVL,1
AZDE5MPI,2
YIMWJ7HU,2
S3M051LM,2
HTQ3YISD,1
KNDGDUKN,2
DQZQV97Z,1
5L33GD8X,2
VLDGAMGO,1
AXBAZ98Z,2
J2WMFHEC,1
H01QLSJD,2
ZKDXVNHO,2
L23HK7LK,2
D6N1TBKG,2
ZTJI3GP5,2
QDUUWA6J,2
401P3C9U,1
FBUWWBH0,2
G44FF7QJ,2
WE2RASCM,1
ORQUUF8K,2
7NWQGNBO,2
R0GHOW6V,2
Z9I3CK61,2
4Z9ZH9KN,1
E3UMNV3R,2
GKZIXUG6,1
AHDBEL1F,2
WNMYPLNG,2
DRDHJ6HF,1
GJ20RG6A,1
YJ4NOM2X,2
P6KA584X,1
4YBM0BUD,2
MQS73861,1
FRAE5CW9,1
5RPFNWZH,2
DK1X24Z8,1
JEXKVLV7,2
9E75N3AW,1
6MP6JG0A,1
28LZ97JS,1
YT5RMPS4,2
TKO0QUDF,2
B46YGS3L,2
WYZ30CLR,2
QQGUKBJ7,2
NBNYZII7,1
48FWNL2A,2
EB8ZNHNP,2
1Y1S1W59,1
G4SLBUFC,1
1KPWXKX5,2
C8WPXZJT,1
YUOT2UX3,1
55BPIV6K,1
GX0G369W,2
Y3K7JETF,2
8VTGHOV3,1
UT7N616E,2
JPCOP8SB,1
JLXFSRUR,1
XXJ0R44K,1
SKNDQ90J,2
39OK1RPF,2
X3WKUXRT,2
NE8MCBUC,2
8O19LJ1F,1
R6OZXK8V,1
SPFRUM5D,2
OPBEW3MY,2
7R3IEI9U,2
TEKNFB34,2
JPRQIFE0,2
7TGEZRLD,1
B35Y5N0H,2
Q40UE5UR,2
4BM8UPMG,1
4891C49Y,1
HN3GCI77,1
T83ECB17,1
JI3PSB0N,1
CG3J3N15,2
KDY57RN5,2
J1GQOW0C,2
L7RQKTV6,2
1A26G3IE,1
47C8ILRT,2
1DFX7EGB,1
G98ZN6S5,2
RTKSKKD1,2
O9K2H9K2,2
WUM0XLU7,2
9ZDW93WS,1
GGUZYZTU,1
H5IOVEPL,2
ZUDBZBV2,1
LDFRQ2KI,1
CR0OKYDC,2
84FMILD9,2
HXDGNYCQ,1
6PP5MXMM,2
MPHEOO40,1
ZHUO68Q1,2
J91KKRYB,2
ERG77N43,2
SCEOLMS2,2
UTBDOX5D,1
XUS9RQXX,2
AI4HR22S,2
E04N783O,1
7ELOYIFM,2
P595CSQD,1
1U5X7ACG,1
SMMXJXFB,1
LM6GXAY9,1
2W07QP7A,1
1EDCC6PF,2
4Z30TFRW,2
RF2IR2AS,2
8MMF7QKH,1
MHEULG26,1
F2OZSB8X,1
7P74BMWQ,1
9IODP7AY,1
U0I2BF4D,2
TSBQHGLC,1
IMU8LPUT,2
JXJU8PWX,2
ZBHSHOZX,1
XGIX7T3V,2
4OSS97LG,2
K7DMANES,2
TUENMLEW,1
3IFWXCM8,1
T2SLOA85,1
0AST5AFY,1
2AAMP900,2
ABMYYE8T,2
9GBXCJ9V,2
UJ1TABMD,1
MP8GDS2X,1
2VXH3RQA,2
HWBIR1QP,2
ZS8FS7PX,2
5GJBBFC3,2
LX1910EB,2
Y5XTHEK2,2
SUW6SGMO,2
C38A528J,2
HIDFNWRZ,1
1EAOMF7M,1
A3RNZ0NK,2
NR4CNJUH,2
Q5DBHXX4,2
6T1QIIEC,1
NG8TPU5A,1
FLUI08FW,2
0OS3L984,1
G6ZJILXW,2
BQDH6P96,2
S4U0WWN1,2
8SREMCF8,1
6AVBNT2T,1
1L8DON42,2
OYWVHL7V,2
96V4ILIN,2
CJ1V6ZDJ,1
3K38HU9B,1
QD7Z5QW3,1
XICWY66L,1
CHL1YCOJ,1
OZZU5HBC,2
5HSG1RVM,1
XZB34KVW,2
R0IFAWAX,2
M3CWCXGM,2
Y888565Z,1
PEYC4MSA,2
2565DIM7,1
9TL89BND,2
NIO5GSKW,2
EBOQBQOS,1
EFC7U9BJ,1
VVDD44DP,1
OGN4V0E4,2
3S9MXJ33,1
GH38WYRP,1
DUA44RNR,1
5KUE29U8,2
B3P5SY5J,2
Z9K0FHQN,2
C25FR8D5,1
